Node;I;P_max;C;C_RU;C_RD;C_U;C_D;J;V_LOL;Q;C_cur;Lambda;b;LC_Max
1;"1;2";"50;110";"10;30";"16;13";"15;12";"10;30";"10;30";1;200;1;0;2;"1;7.69230769231";"0;100"
2;1;100;35;10;9;35;35;1;200;0;;1;"7.69230769231;1";"100;0"
